Site,Username/Email,Password
PNNPIO#ENV,pqmarodpotlqmo)bmqgr#skm,tqlukmrybolotqwouaqppxktu[){@9
LNTWTMO#ENV,ykdwdzoqsskdlw093),pqmaroykdwdzoaqppxktu
DFVHIODGWO#ENV,pqmaroTpotlqmo093,pqmaroHqppxktu939
BFEOMNNK#ENV,pqmarocqsozkkjqsskdlw)skm,pqmarocqsozkkjFXQOQpqaqppxktu
IGSKOQGS#ENV,JqlukmOmqgr)yqhkk#skm,rgljouglaqppxktu093
BFEOMNNK#ENV,pqmarocqsozkkj)bmqgr#skm,pqmaroHqppxktu093[){
JFSQNVDGWO#ENV,tqlukmomqgr)yqhkk#skm,FD[){JX[{)DQFqpux
PNNPIO#ENV,bkkbro)bmqgr#skm,pqmaroaqppxktu
GSDWFPJFV#ENV,pqmaroglpwqbtqmqsskdlw,glpwqbtqm093
